Anlage;Name;Bereich;Bezirksnummer;Bezirksname;Stadtteil;Art;URL;Koordinaten;Straße;Postleitzahl;Ort;Koordinate Nord;Koordinate Ost;Google-Maps Link
Sportanlage;Fitnessparcours Freinberg;Freinberg;9;Froschberg;Freinberg, Bauernberg und Froschberg;Fitnessanlage;;;;;;48 303 139;14 262 694;https://www.google.at/maps/place/48.303139,14.262694
Sportanlage;Beach-Volleyball-Anlage Am Damm;Jugendspielwiese am Damm;2;Urfahr;Urfahr;Beach Volleyball;;POINT (14.294362 48.318145);;;;48 318 145;14 294 362;https://www.google.at/maps/place/48.318145,14.294362
Sportanlage;Beach-Volleyball-Anlage Bindermichlpark;Landschaftspark Bindermichl ;11;Spallerhof;Bindermichl/Spallerhof;Beach Volleyball;;POINT (14.295618 48.271523);;;;48 271 393;14 295 226;https://www.google.at/maps/place/48.271393,14.295226
Sportanlage;Beach-Volleyball-Anlage Franckviertel;Ing.-Stern-Straße;7;Franckviertel;Franckviertel;Beach Volleyball;;POINT (14.3165 48.294117);Ing.-Stern-Straße 45 - 47;4020;Linz;48 294 563;14 316 456;https://www.google.at/maps/place/48.294563,14.316456
Sportanlage;Beach-Volleyball-Anlage Hummelhofbad;Hummelhofbad;10;Bindermichl-Keferfeld;Bindermichl/Spallerhof;Beach Volleyball;;POINT (14.290295 48.275785);Maderspergerstraße 2;4020;Linz;48 277 965;14 291 616;https://www.google.at/maps/place/48.277965,14.291616
Sportanlage;Beach-Volleyball-Anlage Panholzerweg;Panholzerweg;15;Ebelsberg;Ebelsberg/Pichling;Beach Volleyball;;POINT (14.331441 48.250839);;;;48 250 753;14 331 303;https://www.google.at/maps/place/48.250753,14.331303
Sportanlage;Beach-Volleyball-Anlage Panuliwiese;Panuliwiese;8;Bulgariplatz;Bindermichl/Spallerhof;Beach Volleyball;;POINT (14.303781 48.282921);;;;48 282 967;14 304 624;https://www.google.at/maps/place/48.282967,14.304624
Sportanlage;Beach-Volleyball-Anlage Pichling;Traundorfer Straße;16;Pichling;Ebelsberg/Pichling ;Beach Volleyball;;POINT (14.379697 48.24596);Traundorfer Straße 297;4030;Linz;48 246 322;14 379 826;https://www.google.at/maps/place/48.246322,14.379826
Sportanlage;Beach-Volleyball-Anlage Pichlingersee;Pichlingersee;16;Pichling;Ebelsberg/Pichling ;Beach Volleyball;;POINT (14.380914 48.238295);Wiener Straße 933;4030;Linz;48 237 632;14 380 424;https://www.google.at/maps/place/48.237632,14.380424
Sportanlage;Beach-Volleyball-Anlage Sportpark Auwiesen;Sportpark Auwiesen;13;Kleinmünchen-Auwiesen;Auwiesen/Kleinmünchen ;Beach Volleyball;;POINT (14.301211 48.244478);Auwiesenstraße 202;4030;Linz;48 244 176;14 301 967;https://www.google.at/maps/place/48.244176,14.301967
Sportanlage;Beach-Volleyball-Anlage Sportpark Lissfeld;Sportpark Lissfeld;11;Spallerhof;Bindermichl/Spallerhof;Beach Volleyball;;POINT (14.297518 48.26799);;;;48 265 440;14 299 572;https://www.google.at/maps/place/48.265440,14.299572
Sportanlage;Beach-Volleyball-Anlage Karl-Steiger-Straße;Karl-Steiger-Straße;13;Kleinmünchen-Auwiesen;Auwiesen/Kleinmünchen ;Beach Volleyball;;;;;;48 251 310;14 309 850;https://www.google.at/maps/place/48.251310,14.309850
Sportanlage;Skateanlage Kopernikusstraße;Kopernikusstraße;11;Spallerhof;Bindermichl/Spallerhof ;Skateanlage;;POINT (14.29663 48.278061);;;;48 278 061;14 297 108;https://www.google.at/maps/place/48.278061,14.297108
Sportanlage;Skateanlage Panholzerweg;Panholzerweg;15;Ebelsberg;Ebelsberg/Pichling;Skateanlage;;POINT (14.331441 48.250839);;;;48 250 312;14 330 919;https://www.google.at/maps/place/48.250312,14.330919
Sportanlage;Skateanlage Jugendsportanlage Ennsfeld;Schiltenbergstraße;15;Ebelsberg;Ebelsberg/Pichling ;Skateanlage;;POINT (14.343621 48.244375);;;;48 244 375;14 343 621;https://www.google.at/maps/place/48.244375,14.343621
Sportanlage;Skatepark Am Damm;Jugendspielwiese am Damm;2;Urfahr;Urfahr;Skateanlage;;POINT (14.294734 48.318592);;;;48 318 592;14 294 734;https://www.google.at/maps/place/48.318592,14.294734
Sportanlage;Skatepark Auwiesen;Sportpark Auwiesen;13;Kleinmünchen-Auwiesen;Auwiesen/Kleinmünchen ;Skateanlage;;POINT (14.301381 48.244216);;;;48 244 216;14 301 381;https://www.google.at/maps/place/48.244216,14.301381
Sportanlage;Skatepark Jugendspielplatz Auwiesen;Schulsportanlage Rädlerweg;13;Kleinmünchen-Auwiesen;Auwiesen/Kleinmünchen ;Skateanlage;;POINT (14.311329 48.251165);;;;48 251 165;14 311 329;https://www.google.at/maps/place/48.251165,14.311329
Sportanlage;Skatepark ASKÖ Zöhrdorf;ASKÖ Zöhrdorf;12;Neue Heimat;Neue Heimat;Skateanlage;;POINT (14.286344 48.243622);;;;48 243 622;14 286 344;https://www.google.at/maps/place/48.243622,14.286344
Sportanlage;Skatepark Albert-Schöpf-Straße;Albert-Schöpf-Straße;10;Bindermichl-Keferfeld;Keferfeld/Oed;Skateanlage;;POINT (14.287588 48.264916);;;;48 264 916;14 287 588;https://www.google.at/maps/place/48.264916,14.287588
Sportanlage;Streetballanalge Panholzerweg;Panholzerweg;15;Ebelsberg;Ebelsberg/Pichling;Streetball;;POINT (14.331294 48.25059);;;;48 250 590;14 331 294;https://www.google.at/maps/place/48.250590,14.331294
Sportanlage;Streetballanlage Am Damm;Jugendspielwiese am Damm;2;Urfahr;Urfahr;Streetball;;POINT (14.294294 48.318146);;;;48 318 146;14 294 294;https://www.google.at/maps/place/48.318146,14.294294
Sportanlage;Streetballanlage Baumgärtelstraße;Baumgärtelstraße;4;St. Magdalena;Urfahr;Streetball;;POINT (14.308903 48.330162);;;;48 330 162;14 308 903;https://www.google.at/maps/place/48.330162,14.308903
Sportanlage;Streetballanlage Biesenfeldstraße;Biesenfeld ;4;St. Magdalena;Urfahr;Streetball;;POINT (14.303295 48.334496);;;;48 334 496;14 303 295;https://www.google.at/maps/place/48.334496,14.303295
Sportanlage;Streetballanlage Donaulände;Donaulände;6;Kaplanhof;Zentrum;Streetball;;POINT (14.294437 48.312441);;;;48 312 441;14 294 437;https://www.google.at/maps/place/48.312441,14.294437
Sportanlage;Streetballanlage Enzmüllerweg;Enzmüllnerweg;3;Pöstlingberg;Urfahr;Streetball;;POINT (14.291506 48.337286);;;;48 337 286;14 291 506;https://www.google.at/maps/place/48.337286,14.291506
Sportanlage;Streetballanlage Harbachpark;Harbachpark;2;Urfahr;Urfahr;Streetball;;POINT (14.285585 48.33013);;;;48 330 130;14 285 585;https://www.google.at/maps/place/48.330130,14.285585
Sportanlage;Streetballanlage Ing. Stern-Straße;Ing.-Stern-Straße;7;Franckviertel;Franckviertel;Streetball;;POINT (14.316428 48.294586);;;;48 294 586;14 316 428;https://www.google.at/maps/place/48.294586,14.316428
Sportanlage;Streetballanlage Knollgutstraße;Knollgutstraße;16;Pichling;Ebelsberg/Pichling ;Streetball;;POINT (14.367612 48.252208);;;;48 252 208;14 367 612;https://www.google.at/maps/place/48.252208,14.367612
Sportanlage;Streetballanlage Mittelgasse;Mittelgasse;2;Urfahr;Urfahr;Streetball;;POINT (14.277083 48.308083);;;;48 308 083;14 277 083;https://www.google.at/maps/place/48.308083,14.277083
Sportanlage;Streetballanlage Pollheimerstraße;Pollheimerstraße;10;Bindermichl-Keferfeld;Keferfeld/Oed;Streetball;;POINT (14.279373 48.276959);Pollheimerstraße 11;4020;Linz;48 276 959;14 279 373;https://www.google.at/maps/place/48.276959,14.279373
Sportanlage;Streetballanlage Schiffbaustraße;Schiffbaustraße;6;Kaplanhof;Zentrum;Streetball;;POINT (14.307316 48.317542);Schiffbaustraße 7;4020;Linz;48 317 542;14 307 316;https://www.google.at/maps/place/48.317542,14.307316
Sportanlage;Streetballanlage Stadtpark;Stadtpark;1;Innere Stadt;Zentrum;Streetball;;POINT (14.297447 48.306172);;;;48 306 172;14 297 447;https://www.google.at/maps/place/48.306172,14.297447
Sportanlage;Streetballanlage Straßlandweg;Straßlandweg;13;Kleinmünchen-Auwiesen;Auwiesen/Kleinmünchen ;Streetball;;POINT (14.313274 48.255717);Straßlandweg 24;4030;Linz;48 255 717;14 313 274;https://www.google.at/maps/place/48.255717,14.313274
Sportanlage;Fun Court Diesterwegschule;Diesterwegschule;6;Kaplanhof;Zentrum;Fun Court;;POINT (14.304129 48.302046);;;;48 302 046;14 304 129;https://www.google.at/maps/place/48.302046,14.304129
Sportanlage;Fun Court Dr. Karl Renner Schule;Dr. Karl Renner Schule;12;Neue Heimat;Neue Heimat;Fun Court;;POINT (14.294927 48.250421);Flötzerweg 88;4030;Linz;48 251 323;14 296 168;https://www.google.at/maps/place/48.251323,14.296168
Sportanlage;Fun Court ASKÖ Linz Urfahr;ASKÖ Linz Urfahr;2;Urfahr;Urfahr;Fun Court;;POINT (14.277273 48.322152);Hölderlinstraße 26;4040;Linz;48 322 152;14 277 273;https://www.google.at/maps/place/48.322152,14.277273
Sportanlage;Fun Court ASKÖ Steigerstraße;ASKÖ Steigerstraße;13;Kleinmünchen-Auwiesen;Auwiesen/Kleinmünchen ;Fun Court;;POINT (14.309731 48.251412);;;;48 251 412;14 309 731;https://www.google.at/maps/place/48.251412,14.309731
Sportanlage;Fun Court Neue Mittelschule Ebelsberg;Neue Mittelschule Ebelsberg;15;Ebelsberg;Ebelsberg/Pichling ;Fun Court;;POINT (14.328626999999999 48.246718);Ebelsberger Schloßweg 7;4030;Linz;48 246 839;14 333 679;https://www.google.at/maps/place/48.246839,14.333679
Sportanlage;Fun Court Parkanlage Oed;Parkanlage Oed;10;Bindermichl-Keferfeld;Keferfeld/Oed;Fun Court;;POINT (14.286927 48.261954);;;;48 261 854;14 287 112;https://www.google.at/maps/place/48.261854,14.287112
Sportanlage;Fun Court Schiltenberg;Schiltenberg;15;Ebelsberg;Ebelsberg/Pichling ;Fun Court;;POINT (14.342247 48.244306);;;;48 244 306;14 342 247;https://www.google.at/maps/place/48.244306,14.342247
Sportanlage;Fun Court Spallerhof /Einfaltstraße;Einfaltstraße;11;Spallerhof;Bindermichl/Spallerhof ;Fun Court;;POINT (14.307453 48.270497);;;;48 270 497;14 307 453;https://www.google.at/maps/place/48.270497,14.307453
Sportanlage;Fun Court Löwenfeldschule/Zeppelinschule Denkstraße;Löwenfeldschule;13;Kleinmünchen-Auwiesen;Auwiesen/Kleinmünchen ;Fun Court;;POINT (14.314862 48.254957);Franz-Kurz-Straße 4;4030;Linz;48 254 785;14 316 291;https://www.google.at/maps/place/48.254785,14.316291
Sportanlage;Fun-Court Karl-Steiger-Straße;Karl-Steiger-Sstraße;13;Kleinmünchen-Auwiesen;Auwiesen/Kleinmünchen ;Fun Court;;;;;;48 251 350;14 309 700;https://www.google.at/maps/place/48.251350,14.309700
Sportanlage;Fun-Court NIKE-Platz Auwiesen;Sportpark Auwiesen;13;Kleinmünchen-Auwiesen;Auwiesen/Kleinmünchen ;Fun Court;;;;;;48 244 352;14 301 910;https://www.google.at/maps/place/48.244352,14.301910
Sportanlage;Fun-Court Linz AG Ebelsberg;Hartheimerstraße ;15;Ebelsberg;Ebelsberg/Pichling ;Fun Court;;;;;;48 241 180;14 329 601;https://www.google.at/maps/place/48.241180,14.329601
Sportanlage;Fun-Court Schiffmannstraße;Schiffmannstraße;10;Bindermichl-Keferfeld;Keferfeld/Oed;Fun Court;;;;;;48 267 133;14 280 283;https://www.google.at/maps/place/48.267133,14.280283
Sportanlage;Fun-Court ASKÖ Zöhrdorf;ASKÖ Zöhrdorf;12;Neue Heimat;Neue Heimat;Fun Court;;;;;;48 242 652;14 286 441;https://www.google.at/maps/place/48.242652,14.286441
Sportanlage;Fun-Curt Bachlbergweg;Bachlbergweg;2;Urfahr;Urfahr;Fun Court;;;;;;48 324 242;14 275 918;https://www.google.at/maps/place/48.324242,14.275918
Spielanlage;Kinder- und Jugendspielplatz Güntherstraße;Güntherstraße;2;Urfahr;Urfahr;Kinder- und Jugendspielplatz (6 - 18 Jahre);https://www.linz.at/soziales/5725.php;POINT (14.276684 48.312994);Güntherstraße 1;4040;Linz;48 312 894;14 276 430;https://www.google.at/maps/place/48.312894,14.276430
Spielanlage;Kinderspielplatz Kubinweg;Kubinweg;2;Urfahr;Urfahr;Kinder- und Jugendspielplatz (6 - 18 Jahre);https://www.linz.at/soziales/5818.php;POINT (14.280382 48.323396);;;;48 323 396;14 280 382;https://www.google.at/maps/place/48.323396,14.280382
Spielanlage;Kinder- und Jugendspielplatz Mittelgasse;Mittelgasse;2;Urfahr;Urfahr;Kinder- und Jugendspielplatz (6 - 18 Jahre);https://www.linz.at/soziales/5713.php;POINT (14.276861 48.307956);;;;48 308 076;14 277 313;https://www.google.at/maps/place/48.308076,14.277313
Spielanlage;Jugendspielplatz Pöstlingberg Waldspielplatz;Pöstlingberg;3;Pöstlingberg;Urfahr;Jugendspielplatz (12 - 18 Jahre);https://www.linz.at/soziales/5701.php;POINT (14.257311 48.322773);;;;48 322 773;14 257 311;https://www.google.at/maps/place/48.322773,14.257311
Spielanlage;Jugendspielplatz Riesenedergründe;Riesenedergründe;3;Pöstlingberg;Urfahr;Jugendspielplatz (12 - 18 Jahre);https://www.linz.at/soziales/5698.php;POINT (14.269956 48.313678);;;;48 314 068;14 269 900;https://www.google.at/maps/place/48.314068,14.269900
Spielanlage;Kinder- und Jugendspielplatz Samhaberstraße;Samhaberstraße;3;Pöstlingberg;Urfahr;Kinder- und Jugendspielplatz (6 - 18 Jahre);https://www.linz.at/soziales/5707.php;POINT (14.258734 48.326899);;;;48 326 899;14 258 734;https://www.google.at/maps/place/48.326899,14.258734
Spielanlage;Kinderspielplatz Steinmetzplatzl;Steinmetzplatzl;2;Urfahr;Urfahr;Kinderspielplatz (0 - 6 Jahre);https://www.linz.at/soziales/5806.php;POINT (14.278336 48.307495);;;;48 308 122;14 278 920;https://www.google.at/maps/place/48.308122,14.278920
Spielanlage;Kinderspielplatz Wildbergstraße;Wildbergstraße;2;Urfahr;Urfahr;Kinderspielplatz (0 - 6 Jahre);https://www.linz.at/soziales/72926.php;;;;;48 316 768;14 283 554;https://www.google.at/maps/place/48.316768,14.283554
Spielanlage;Kinder- und Jugendspielplatz - Am Alten Feldweg;Am Alten Feldweg;2;Urfahr;Urfahr;Kinder- und Jugendspielplatz (6 - 18 Jahre);https://www.linz.at/soziales/5803.php;POINT (14.281087 48.332383);;;;48 332 383;14 281 087;https://www.google.at/maps/place/48.332383,14.281087
Spielanlage;Kinder- und Jugendspielplatz - Enzmüllnerweg;Enzmüllnerweg;3;Pöstlingberg;Urfahr;Kinder- und Jugendspielplatz (6 - 18 Jahre);https://www.linz.at/soziales/5728.php;POINT (14.291563 48.337243);;;;48 337 243;14 291 563;https://www.google.at/maps/place/48.337243,14.291563
Spielanlage;Kinder- und Jugendspielplatz Harbachpark;Harbachpark;2;Urfahr;Urfahr;Kinder- und Jugendspielplatz (6 - 18 Jahre);https://www.linz.at/soziales/5719.php;POINT (14.285492 48.329919);;;;48 330 299;14 285 256;https://www.google.at/maps/place/48.330299,14.285256
Spielanlage;Jugendspielplatz Jugendspielwiese Am Damm;Heinrich-Gleißner-Promenade;2;Urfahr;Urfahr;Jugendspielplatz (12 - 18 Jahre);https://www.linz.at/soziales/5704.php;POINT (14.295688 48.319852);;;;48 319 852;14 295 688;https://www.google.at/maps/place/48.319852,14.295688
Spielanlage;Kinder- und Jugendspielplatz Keplerstraße;Keplerstraße;2;Urfahr;Urfahr;Kinder- und Jugendspielplatz (6 - 18 Jahre);https://www.linz.at/soziales/5821.php;POINT (14.283976 48.328133);;;;48 328 133;14 283 976;https://www.google.at/maps/place/48.328133,14.283976
Spielanlage;Kinderspielplatz Am Damm;Heinrich-Gleißner-Promenade;2;Urfahr;Urfahr;Kinder- und Jugendspielplatz (6 - 18 Jahre);https://www.linz.at/soziales/5824.php;POINT (14.292527 48.31664);;;;48 316 377;14 291 948;https://www.google.at/maps/place/48.316377,14.291948
Spielanlage;Kinderspielplatz Nußbaumerstraße;Nußbaumstraße;3;Pöstlingberg;Urfahr;Kinderspielplatz (0 - 6 Jahre);https://www.linz.at/soziales/5815.php;POINT (14.281576 48.336966);;;;48 336 966;14 281 576;https://www.google.at/maps/place/48.336966,14.281576
Spielanlage;Kinder- und Jugendspielplatz Pulvermühlpark;Pulvermühlpark;4;St. Magdalena;Urfahr;Kinder- und Jugendspielplatz (6 - 18 Jahre);https://www.linz.at/soziales/5635.php;;;;;48 333 070;14 301 153;https://www.google.at/maps/place/48.333070,14.301153
Spielanlage;Jugendspielplatz Urnenhain;Urnenhain;2;Urfahr;Urfahr;Jugendspielplatz (12 - 18 Jahre);https://www.linz.at/soziales/5692.php;POINT (14.294143 48.323732);;;;48 323 732;14 294 143;https://www.google.at/maps/place/48.323732,14.294143
Spielanlage;Kinder- und Jugendspielplatz Baumgärtelstraße;Baumgärtelstraße;4;St. Magdalena;Urfahr;Kinder- und Jugendspielplatz (6 - 18 Jahre);https://www.linz.at/soziales/5800.php;POINT (14.309633 48.329897);;;;48 329 974;14 309 339;https://www.google.at/maps/place/48.329974,14.309339
Spielanlage;Kinder- und Jugendspielplatz Biesenfeld;Biesenfeld ;4;St. Magdalena;Urfahr;Kinder- und Jugendspielplatz (6 - 18 Jahre);https://www.linz.at/soziales/5731.php;POINT (14.30352 48.334715);;;;48 334 608;14 303 473;https://www.google.at/maps/place/48.334608,14.303473
Spielanlage;Kinder- und Jugendspielplatz Hainischstraße;Hainischstraße;5;Dornach-Auhof;Urfahr;Kinder- und Jugendspielplatz (6 - 18 Jahre);https://www.linz.at/soziales/5722.php;POINT (14.321935 48.331411);Michael-Hainisch-Straße 16;4040;Linz;48 331 981;14 322 571;https://www.google.at/maps/place/48.331981,14.322571
Spielanlage;Kinder- und Jugendspielplatz Kirchmühlstraße/Klausenbachstraße;Kirchmühlstraße/Klausenbachstraße;4;St. Magdalena;Urfahr;Kinder- und Jugendspielplatz (6 - 18 Jahre);https://www.linz.at/soziales/5716.php;POINT (14.296398 48.336123);;;;48 336 123;14 296 398;https://www.google.at/maps/place/48.336123,14.296398
Spielanlage;Kinder- und Jugendspielplatz Neufahrergasse;Neufahrergasse;4;St. Magdalena;Urfahr;Kinder- und Jugendspielplatz (6 - 18 Jahre);https://www.linz.at/soziales/5710.php;POINT (14.292722 48.344639);;;;48 344 639;14 292 722;https://www.google.at/maps/place/48.344639,14.292722
Spielanlage;Jugendspielplatz Schumpeterstraße;Schumpeterstraße;5;Dornach-Auhof;Urfahr;Jugendspielplatz (12 - 18 Jahre);https://www.linz.at/soziales/5695.php;POINT (14.315483 48.332545);;;;48 332 545;14 315 483;https://www.google.at/maps/place/48.332545,14.315483
Spielanlage;Kinderspielplatz Sombartstraße;Sombartstraße;5;Dornach-Auhof;Urfahr;Kinderspielplatz (0 - 6 Jahre);https://www.linz.at/soziales/5812.php;POINT (14.316591 48.334064);;;;48 334 290;14 316 387;https://www.google.at/maps/place/48.334290,14.316387
Spielanlage;Kinderspielplatz St. Magdalena;St. Magdalena;4;St. Magdalena;Urfahr;Kinderspielplatz (0 - 6 Jahre);https://www.linz.at/soziales/5809.php;POINT (14.304763 48.336233);;;;48 336 233;14 304 763;https://www.google.at/maps/place/48.336233,14.304763
Spielanlage;Kinder- und Jugendspielplatz Donaulände;Donaulände;6;Kaplanhof;Zentrum;Kinder- und Jugendspielplatz (6 - 18 Jahre);https://www.linz.at/soziales/5773.php;POINT (14.294473 48.312577);;;;48 312 577;14 294 473;https://www.google.at/maps/place/48.312577,14.294473
Spielanlage;Kinderspielplatz Eisenhandstraße;Eisenhandstraße;1;Innere Stadt;Zentrum;Kinderspielplatz (0 - 6 Jahre);https://www.linz.at/soziales/5797.php;POINT (14.298607 48.30301);;;;48 303 155;14 298 579;https://www.google.at/maps/place/48.303155,14.298579
Spielanlage;Kinderspielplatz Hessenplatz;Hessenplatz;1;Innere Stadt;Zentrum;Kinderspielplatz (0 - 6 Jahre);https://www.linz.at/soziales/5794.php;POINT (14.294382 48.300527);;;;48 300 444;14 294 427;https://www.google.at/maps/place/48.300444,14.294427
Spielanlage;Kinder- und Jugendspielplatz Honauerstraße;Honauerstraße;1;Innere Stadt;Zentrum;Kinder- und Jugendspielplatz (6 - 18 Jahre);https://www.linz.at/soziales/5689.php;POINT (14.295897 48.309418);;;;48 309 418;14 295 897;https://www.google.at/maps/place/48.309418,14.295897
Spielanlage;Jugendspielplatz Jugendpoint;Donaulände;6;Kaplanhof;Zentrum;Jugendspielplatz (12 - 18 Jahre);https://www.linz.at/soziales/48079.php;;;;;48 315 932;14 297 243;https://www.google.at/maps/place/48.315932,14.297243
Spielanlage;Kinderspielplatz Körnerstraße;Körnerstraße;6;Kaplanhof;Zentrum;Kinderspielplatz (0 - 6 Jahre);https://www.linz.at/soziales/5791.php;POINT (14.302159 48.305498);;;;48 305 740;14 302 388;https://www.google.at/maps/place/48.305740,14.302388
Spielanlage;Kinder- und Jugendspielplatz Lederergasse-Europaspielplatz;Lederergasse/Europaschule;1;Innere Stadt;Zentrum;Kinder- und Jugendspielplatz (6 - 18 Jahre);https://www.linz.at/soziales/5686.php;POINT (14.297917 48.309333);;;;48 309 544;14 297 844;https://www.google.at/maps/place/48.309544,14.297844
Spielanlage;Kinder- und Jugendspielplatz Prunerstift;Prunerstift;1;Innere Stadt;Zentrum;Kinder- und Jugendspielplatz (6 - 18 Jahre);https://www.linz.at/soziales/5677.php;POINT (14.292215 48.3072);Stefan-Fechter-Weg 9;4020;Linz;48 307 692;14 292 498;https://www.google.at/maps/place/48.307692,14.292498
Spielanlage;Kinder- und Jugendspielplatz Schiffbaustraße;Schiffbaustraße;6;Kaplanhof;Zentrum;Kinder- und Jugendspielplatz (6 - 18 Jahre);https://www.linz.at/soziales/5674.php;POINT (14.307223 48.317363);Schiffbaustraße 7;4020;Linz;48 317 647;14 307 320;https://www.google.at/maps/place/48.317647,14.307320
Spielanlage;Kinder- und Jugendspielplatz Stadtpark;Stadtpark;1;Innere Stadt;Zentrum;Kinder- und Jugendspielplatz (6 - 18 Jahre);https://www.linz.at/soziales/5782.php;POINT (14.297457 48.305655);;;;48 305 564;14 297 099;https://www.google.at/maps/place/48.305564,14.297099
Spielanlage;Kinderspielplatz Am Rosenhang-Freinberg;Am Rosenhang-Freinberg;9;Froschberg;Freinberg, Bauernberg und Froschberg;Kinderspielplatz (0 - 6 Jahre);https://www.linz.at/soziales/5875.php;POINT (14.263714 48.304016);;;;48 304 016;14 263 714;https://www.google.at/maps/place/48.304016,14.263714
Spielanlage;Kinder- und Jugendspielplatz - Auf der Gugl Bauernberg;Auf der Gugl Bauernberg;9;Froschberg;Freinberg, Bauernberg und Froschberg;Kinder- und Jugendspielplatz (6 - 18 Jahre);https://www.linz.at/soziales/5854.php;POINT (14.280254 48.294529);;;;48 294 478;14 279 622;https://www.google.at/maps/place/48.294478,14.279622
Spielanlage;Kinderspielplatz - Bauernberg Untere Schüssel;Bauernberg untere Schüssel;9;Froschberg;Freinberg, Bauernberg und Froschberg;Kinderspielplatz (0 - 6 Jahre);https://www.linz.at/soziales/5872.php;POINT (14.280673 48.295335);;;;48 295 445;14 280 401;https://www.google.at/maps/place/48.295445,14.280401
Spielanlage;Kinder- und Jugendspielplatz Bergschlößlpark;Bergschlößlpark;1;Innere Stadt;Freinberg, Bauernberg und Froschberg;Kinderspielplatz (0 - 6 Jahre);https://www.linz.at/soziales/5746.php;POINT (14.286377 48.290431);;;;48 290 431;14 286 377;https://www.google.at/maps/place/48.290431,14.286377
Spielanlage;Kinderspielplatz Bockgasse;Bockgasse;9;Froschberg;Freinberg, Bauernberg und Froschberg;Kinderspielplatz (0 - 6 Jahre);https://www.linz.at/soziales/5869.php;POINT (14.278917 48.291473);Tauberweg 19;4020;Linz;48 291 360;14 279 242;https://www.google.at/maps/place/48.291360,14.279242
Spielanlage;Kinder- und Jugendspielplatz - Fritz-Lach-Weg;Fritz-Lach-Weg;9;Froschberg;Freinberg, Bauernberg und Froschberg;Kinder- und Jugendspielplatz (6 - 18 Jahre);https://www.linz.at/soziales/5743.php;POINT (14.26766 48.298678);;;;48 298 709;14 267 593;https://www.google.at/maps/place/48.298709,14.267593
Spielanlage;Jugendspielplatz Hofmeindlweg;Hofmeidlweg;9;Froschberg;Freinberg, Bauernberg und Froschberg;Jugendspielplatz (12 - 18 Jahre);https://www.linz.at/soziales/5644.php;POINT (14.280491 48.285471);;;;48 285 471;14 280 491;https://www.google.at/maps/place/48.285471,14.280491
Spielanlage;Kinderspielplatz Kudlichstraße;Kudlichstraße;9;Froschberg;Freinberg, Bauernberg und Froschberg;Kinderspielplatz (0 - 6 Jahre);https://www.linz.at/soziales/5866.php;POINT (14.285469 48.285043);;;;48 285 043;14 285 469;https://www.google.at/maps/place/48.285043,14.285469
Spielanlage;Kinder- und Jugendspielplatz Limonikeller;Limonikeller;9;Froschberg;Freinberg, Bauernberg und Froschberg;Kinder- und Jugendspielplatz (6 - 18 Jahre);https://www.linz.at/soziales/5740.php;POINT (14.281669 48.298204);;;;48 298 302;14 281 519;https://www.google.at/maps/place/48.298302,14.281519
Spielanlage;Kinder- und Jugendspielplatz Margarethen;Margarethen hinter Turnsaal;9;Froschberg;Zentrum;Kinder- und Jugendspielplatz (6 - 18 Jahre);https://www.linz.at/soziales/5683.php;POINT (14.254466 48.306968);;;;48 306 968;14 254 466;https://www.google.at/maps/place/48.306968,14.254466
Spielanlage;Jugendspielplatz Margarethener Haufen;Margarethener-Haufen;9;Froschberg;Zentrum;Jugendspielplatz (12 - 18 Jahre);https://www.linz.at/soziales/5659.php;POINT (14.254483 48.307957);;;;48 307 957;14 254 483;https://www.google.at/maps/place/48.307957,14.254483
Spielanlage;Kinderspielplatz Minnesängerplatz;Minnesängerplatz;9;Froschberg;Freinberg, Bauernberg und Froschberg;Kinder- und Jugendspielplatz (6 - 18 Jahre);https://www.linz.at/soziales/5863.php;POINT (14.27638 48.289074);;;;48 289 121;14 276 675;https://www.google.at/maps/place/48.289121,14.276675
Spielanlage;Kinder- und Jugendspielplatz Promenade;Promenade;1;Innere Stadt;Zentrum;Kinder- und Jugendspielplatz (6 - 18 Jahre);https://www.linz.at/soziales/5788.php;;;;;48 304 230;14 283 780;https://www.google.at/maps/place/48.304230,14.283780
Spielanlage;Kinderspielplatz Schloßberg;Schloßberg;1;Innere Stadt;Zentrum;Kinderspielplatz (0 - 6 Jahre);https://www.linz.at/soziales/5785.php;POINT (14.281671 48.305579);;;;48 305 136;14 281 131;https://www.google.at/maps/place/48.305136,14.281131
Spielanlage;Kinder- und Jugendspielplatz Schulertal;Schulertal;9;Froschberg;Zentrum;Kinder- und Jugendspielplatz (6 - 18 Jahre);https://www.linz.at/soziales/5671.php;POINT (14.274994 48.301676);;;;48 301 440;14 274 472;https://www.google.at/maps/place/48.301440,14.274472
Spielanlage;Kinderspielplatz - Unterhalb der Kaisereiche;Freinberg;9;Froschberg;Freinberg, Bauernberg und Froschberg;Kinderspielplatz (0-6 Jahre);https://www.linz.at/soziales/5860.php;POINT (14.266794 48.302912);;;;48 302 912;14 266 794;https://www.google.at/maps/place/48.302912,14.266794
Spielanlage;Kinderspielplatz - Wasserreservoir Freinberg ;Freinberg;9;Froschberg;Freinberg, Bauernberg und Froschberg;Kinderspielplatz (0-6 Jahre) ;https://www.linz.at/soziales/5857.php;;;;;48 301 405;14 264 434;https://www.google.at/maps/place/48.301405,14.264434
Spielanlage;Kinder- und Jugendspielplatz Winklerwald;Winklerwald;9;Froschberg;Freinberg, Bauernberg und Froschberg;Kinder- und Jugendspielplatz (6 - 18 Jahre);https://www.linz.at/soziales/5737.php;POINT (14.279253 48.284105);Hofmeindlweg 14;4020;Linz;48 284 581;14 277 706;https://www.google.at/maps/place/48.284581,14.277706
Spielanlage;Kinder- und Jugendspielplatz Ziegeleipark;Ziegeleipark;9;Froschberg;Freinberg, Bauernberg und Froschberg;Kinder- und Jugendspielplatz (6 - 18 Jahre);https://www.linz.at/soziales/5734.php;POINT (14.285286 48.289721);;;;48 289 784;14 284 194;https://www.google.at/maps/place/48.289784,14.284194
Spielanlage;Kinder- und Jugendspielplatz Andreas-Hofer-Park;Andreas-Hofer-Park;8;Bulgariplatz;Zentrum;Kinder- und Jugendspielplatz (6 - 18 Jahre);https://www.linz.at/soziales/5779.php;POINT (14.296833 48.286778);;;;48 286 920;14 296 730;https://www.google.at/maps/place/48.286920,14.296730
Spielanlage;Kinder- und Jugendspielplatz Cremeristraße;Cremeristraße;7;Franckviertel;Franckviertel;Kinder- und Jugendspielplatz (6 - 18 Jahre);https://www.linz.at/soziales/5887.php;POINT (14.313727 48.297127);;;;48 297 127;14 313 727;https://www.google.at/maps/place/48.297127,14.313727
Spielanlage;Kinder- und Jugendspielplatz Darrgutstraße;Darrgutstraße;6;Kaplanhof;Zentrum;Kinder- und Jugendspielplatz (6 - 18 Jahre);https://www.linz.at/soziales/5776.php;POINT (14.308225 48.301238);;;;48 301 238;14 308 225;https://www.google.at/maps/place/48.301238,14.308225
Spielanlage;Kinder- und Jugendspielplatz Ginzkeystraße;Ginzkeystraße;7;Franckviertel;Franckviertel;Kinder- und Jugendspielplatz (6 - 18 Jahre);https://www.linz.at/soziales/5884.php;POINT (14.311 48.29314);;;;48 293 140;14 310 998;https://www.google.at/maps/place/48.293140,14.310998
Spielanlage;Kinder- und Jugendspielplatz - Sternpark ;Ing.-Stern-Straße;7;Franckviertel;Franckviertel;Kinder- und Jugendspielplatz (6 - 18 Jahre);https://www.linz.at/soziales/5881.php;POINT (14.31612 48.297529);;;;48 297 671;14 315 700;https://www.google.at/maps/place/48.297671,14.315700
Spielanlage;Kinderspielplatz Lonstorferplatz;Lonstorferplatz;7;Franckviertel;Franckviertel;Kinderspielplatz (0 - 6 Jahre);https://www.linz.at/soziales/5890.php;POINT (14.314199 48.293615);;;;48 293 615;14 314 199;https://www.google.at/maps/place/48.293615,14.314199
Spielanlage;Kinder- und Jugendspielplatz Poschacherwiese;Poschacherstraße;8;Bulgariplatz;Zentrum;Kinder- und Jugendspielplatz (6 - 18 Jahre);https://www.linz.at/soziales/5680.php;POINT (14.305279 48.285147);;;;48 285 067;14 304 917;https://www.google.at/maps/place/48.285067,14.304917
Spielanlage;Kinder- und Jugendspielplatz Starhembergstraße;Starhembergstraße;1;Innere Stadt;Zentrum;Kinder- und Jugendspielplatz (6 - 18 Jahre);https://www.linz.at/soziales/5668.php;POINT (14.300399 48.297959);Starhembergstraße 64;4020;Linz;48 297 959;14 300 399;https://www.google.at/maps/place/48.297959,14.300399
Spielanlage;Kinder- und Jugendspielplatz Südbahnhof;Südbahnhof;1;Innere Stadt;Zentrum;Kinder- und Jugendspielplatz (6 - 18 Jahre);https://www.linz.at/soziales/5665.php;POINT (14.300473 48.30187);;;;4 830 187;14 300 473;https://www.google.at/maps/place/48.30187,14.300473
Spielanlage;Kinder- und Jugendspielplatz Volksgarten;Volksgarten;1;Innere Stadt;Zentrum;Kinder- und Jugendspielplatz (6 - 18 Jahre);https://www.linz.at/soziales/5662.php;POINT (14.291455 48.295335);;;;48 295 085;14 291 092;https://www.google.at/maps/place/48.295085,14.291092
Spielanlage;Jugendspielplatz Semmelweisstraße;Semmelweisstraße;6;Kaplanhof;Zentrum;Jugendspielplatz (12 - 18 Jahre);https://www.linz.at/soziales/5631.php;;;;;48 305 061;14 312 864;https://www.google.at/maps/place/48.305061,14.312864
Spielanlage;Jugendsportanlage Bindermichl;Landschaftspark Bindermichl ;11;Spallerhof;Bindermichl/Spallerhof;Jugendspielplatz (12 - 18 Jahre);https://www.linz.at/soziales/40039.php;;;;;48 271 252;14 295 525;https://www.google.at/maps/place/48.271252,14.295525
Spielanlage;Kinderspielplatz mit Bewegungsgeräten;Landschaftspark Bindermichl ;11;Spallerhof;Bindermichl/Spallerhof;Kinder- und Jugendspielplatz (6 - 18 Jahre);https://www.linz.at/soziales/40039.php;;;;;48 270 501;14 295 650;https://www.google.at/maps/place/48.270501,14.295650
Spielanlage;Kinderspielplatz Bindermichl/Kleinkinderspielbereich Nord;Landschaftspark Bindermichl ;11;Spallerhof;Bindermichl/Spallerhof;Kinderspielplatz (0 - 6 Jahre);https://www.linz.at/soziales/40039.php;POINT (14.295222 48.27425);;;;48 274 300;14 295 008;https://www.google.at/maps/place/48.274300,14.295008
Spielanlage;Kinder- und Jugendspielplatz Bindermichl/Wasserspielbereich;Landschaftspark Bindermichl ;10;Bindermichl-Keferfeld;Bindermichl/Spallerhof;Kinder- und Jugendspielplatz (6 - 18 Jahre);https://www.linz.at/soziales/40039.php;;;;;48 269 473;14 295 527;https://www.google.at/maps/place/48.269473,14.295527
Spielanlage;Kinder- und Jugendspielplatz Bindermichl/Werndlpark;Werndlstraße;10;Bindermichl-Keferfeld;Bindermichl/Spallerhof;Kinder- und Jugendspielplatz (6 - 18 Jahre);https://www.linz.at/soziales/5914.php;;;;;48 271 898;14 289 315;https://www.google.at/maps/place/48.271898,14.289315
Spielanlage;Kinder- und Jugendspielplatz Einfaltstraße;Einfaltstraße;11;Spallerhof;Bindermichl/Spallerhof ;Kinder- und Jugendspielplatz (6 - 18 Jahre);https://www.linz.at/soziales/5914.php;POINT (14.307417 48.270639);;;;48 270 639;14 307 417;https://www.google.at/maps/place/48.270639,14.307417
Spielanlage;Kinder- und Jugendspielplatz Glimpfingerstraße;Glimpfingerstraße;11;Spallerhof;Bindermichl/Spallerhof ;Kinder- und Jugendspielplatz (6 - 18 Jahre);https://www.linz.at/soziales/5911.php;POINT (14.298154 48.271717);;;;48 271 849;14 297 874;https://www.google.at/maps/place/48.271849,14.297874
Spielanlage;Jugendspielplatz Hauserhügel/Spielwiese;Hauserhügel/Spielwiese;10;Bindermichl-Keferfeld;Bindermichl/Spallerhof ;Jugendspielplatz (12 - 18 Jahre);https://www.linz.at/soziales/5899.php;POINT (14.295928 48.267959);;;;48 267 959;14 295 928;https://www.google.at/maps/place/48.267959,14.295928
Spielanlage;Jugendspielplatz Hummelhofstraße;Hummelhofstraße;10;Bindermichl-Keferfeld;Bindermichl/Spallerhof ;Jugendspielplatz (12 - 18 Jahre);https://www.linz.at/soziales/5896.php;POINT (14.292741 48.277608);;;;48 277 608;14 292 741;https://www.google.at/maps/place/48.277608,14.292741
Spielanlage;Kinder- und Jugendspielplatz Hummelhofwald;Hummelhofwald;10;Bindermichl-Keferfeld;Bindermichl/Spallerhof ;Kinder- und Jugendspielplatz (6 - 18 Jahre);https://www.linz.at/soziales/5908.php;POINT (14.292882 48.277967);;;;48 277 967;14 292 882;https://www.google.at/maps/place/48.277967,14.292882
Spielanlage;Kinderspielplatz Keferfeldstraße;Keferfeldstraße;10;Bindermichl-Keferfeld;Keferfeld/Oed;Kinderspielplatz (0 - 6 Jahre);https://www.linz.at/soziales/5851.php;POINT (14.284417 48.274139);Keferfeldstraße 24;4020;Linz;48 274 139;14 284 417;https://www.google.at/maps/place/48.274139,14.284417
Spielanlage;Kinder- und Jugendspielplatz Kopernikusstraße;Kopernikusstraße;11;Spallerhof;Bindermichl/Spallerhof ;Kinder- und Jugendspielplatz (6 - 18 Jahre);https://www.linz.at/soziales/5905.php;POINT (14.29706 48.278022);;;;48 278 180;14 296 708;https://www.google.at/maps/place/48.278180,14.296708
Spielanlage;Kinderspielplatz Korefschule;Korefschule;10;Bindermichl-Keferfeld;Bindermichl/Spallerhof;Kinderspielplatz (0 - 6 Jahre);https://www.linz.at/soziales/5650.php;POINT (14.2899 48.272649);;;;48 272 649;14 289 900;https://www.google.at/maps/place/48.272649,14.289900
Spielanlage;Kinder- und Jugendspielplatz Kremplstraße;Kremplstraße;11;Spallerhof;Bindermichl/Spallerhof;Kinder- und Jugendspielplatz (6 - 18 Jahre);https://www.linz.at/soziales/5917.php;POINT (14.313102 48.274955);;;;48 274 955;14 313 102;https://www.google.at/maps/place/48.274955,14.313102
Spielanlage;Jugendspielplatz Panuliwiese;Panuliwiese;8;Bulgariplatz;Bindermichl/Spallerhof;Jugendspielplatz (12 - 18 Jahre);https://www.linz.at/soziales/5749.php;POINT (14.304837 48.283173);;;;48 282 923;14 304 068;https://www.google.at/maps/place/48.282923,14.304068
Spielanlage;Kinder- und Jugendspielplatz Fischerwiese/Pollheimerstraße;Pollheimerstraße;10;Bindermichl-Keferfeld;Keferfeld/Oed;Kinder- und Jugendspielplatz (6 - 18 Jahre);https://www.linz.at/soziales/5848.php;POINT (14.278705 48.276285);Landwiedstraße 13;4020;Linz;48 275 978;14 279 190;https://www.google.at/maps/place/48.275978,14.279190
Spielanlage;Jugendspielplatz Schiffmannstraße;Schiffmannstraße;10;Bindermichl-Keferfeld;Keferfeld/Oed;Jugendspielplatz (12 - 18 Jahre);https://www.linz.at/soziales/5845.php;POINT (14.280556 48.267097);;;;48 267 097;14 280 556;https://www.google.at/maps/place/48.267097,14.280556
Spielanlage;Kinder- und Jugendspielplatz Spallerhof;Muldenstraße;11;Spallerhof;Bindermichl/Spallerhof;Kinder- und Jugendspielplatz (6 - 18 Jahre);https://www.linz.at/soziales/5902.php;POINT (14.299333 48.274235);;;;48 274 235;14 299 333;https://www.google.at/maps/place/48.274235,14.299333
Spielanlage;Jugendspielplatz Wankmüllerhügel;Wankmüllerhügel;11;Spallerhof;Bindermichl/Spallerhof;Kinder- und Jugendspielplatz (6 - 18 Jahre);https://www.linz.at/soziales/44881.php;POINT (14.303296 48.280038);;;;48 280 038;14 303 296;https://www.google.at/maps/place/48.280038,14.303296
Spielanlage;Kinder- und Jugendspielplatz Afritschweg;Afritschweg;15;Ebelsberg;Ebelsberg/Pichling;Kinder- und Jugendspielplatz (6 - 18 Jahre);https://www.linz.at/soziales/5767.php;POINT (14.334765 48.238319);;;;48 238 319;14 334 765;https://www.google.at/maps/place/48.238319,14.334765
Spielanlage;Jugendspielplatz Alleitenweg;Alleitenweg;13;Kleinmünchen-Auwiesen;Auwiesen/Kleinmünchen ;Jugendspielplatz (12 - 18 Jahre);https://www.linz.at/soziales/5926.php;POINT (14.305524 48.248273);;;;48 248 641;14 305 659;https://www.google.at/maps/place/48.248641,14.305659
Spielanlage;Kinder- und Jugendspielplatz Dauphinestraße;Dauphinestraße;13;Kleinmünchen-Auwiesen;Auwiesen/Kleinmünchen ;Kinder- und Jugendspielplatz (6 - 18 Jahre);https://www.linz.at/soziales/5947.php;POINT (14.320009 48.252287);;;;48 252 028;14 320 287;https://www.google.at/maps/place/48.252028,14.320287
Spielanlage;Kinderspielplatz Denkstraße;Denkstraße;13;Kleinmünchen-Auwiesen;Auwiesen/Kleinmünchen ;Kinderspielplatz (0 - 6 Jahre);https://www.linz.at/soziales/5944.php;POINT (14.313313 48.254232);Denkstraße 47;4030;Linz;48 254 232;14 313 313;https://www.google.at/maps/place/48.254232,14.313313
Spielanlage;Jugendspielplatz Ebelsberg Treffpunkthaus Jugendsportanlage;Ebelsberg Treffpunkthaus Jugendsportanlage;15;Ebelsberg;Auwiesen/Kleinmünchen ;Jugendspielplatz (12 - 18 Jahre);https://www.linz.at/soziales/5628.php;POINT (14.329667 48.241444);;;;48 241 444;14 329 667;https://www.google.at/maps/place/48.241444,14.329667
Spielanlage;Kinderspielplatz Franz-Kurz-Straße;Franz-Kurz-Straße;13;Kleinmünchen-Auwiesen;Auwiesen/Kleinmünchen ;Kinderspielplatz (0 - 6 Jahre);https://www.linz.at/soziales/5941.php;POINT (14.315586 48.254771);;;;48 254 771;14 315 586;https://www.google.at/maps/place/48.254771,14.315586
Spielanlage;Kinder- und Jugendspielplatz Karl-Steiger-Straße;Karl-Steiger-Straße;13;Kleinmünchen-Auwiesen;Auwiesen/Kleinmünchen ;Kinder- und Jugendspielplatz (6 - 18 Jahre);https://www.linz.at/soziales/5932.php;POINT (14.309071 48.250671);;;;48 250 734;14 309 503;https://www.google.at/maps/place/48.250734,14.309503
Spielanlage;Kinderspielplatz Löwenfeldvilla;Löwenfeldvilla;13;Kleinmünchen-Auwiesen;Ebelsberg/Pichling;Kinderspielplatz (0 - 6 Jahre);https://www.linz.at/soziales/5938.php;POINT (14.311121 48.253676);Dauphinestraße 62;4030;Linz;48 253 942;14 311 001;https://www.google.at/maps/place/48.253942,14.311001
Spielanlage;Kinderspielplatz Marktmühlgasse;Marktmühlgasse;15;Ebelsberg;Ebelsberg/Pichling;Kinder- und Jugendspielplatz (6 - 18 Jahre);https://www.linz.at/soziales/5770.php;POINT (14.327282 48.245389);;;;48 245 389;14 327 282;https://www.google.at/maps/place/48.245389,14.327282
Spielanlage;Jugendspielplatz Panholzerweg;Panholzerweg;15;Ebelsberg;Ebelsberg/Pichling;Jugendspielplatz (12 - 18 Jahre);https://www.linz.at/soziales/5758.php;POINT (14.33082 48.25008);;;;48 250 080;14 330 820;https://www.google.at/maps/place/48.250080,14.330820
Spielanlage;Kinderspielplatz Schießstätte;Schießstätte;13;Kleinmünchen-Auwiesen;Ebelsberg/Pichling;Kinderspielplatz (0 - 6 Jahre);https://www.linz.at/soziales/5935.php;POINT (14.325182 48.250318);;;;48 250 318;14 325 182;https://www.google.at/maps/place/48.250318,14.325182
Spielanlage;Jugendspielplatz Straßlandweg;Straßlandweg;13;Kleinmünchen-Auwiesen;Auwiesen/Kleinmünchen ;Jugendspielplatz (12 - 18 Jahre);https://www.linz.at/soziales/5923.php;POINT (14.31364 48.257287);;;;48 257 090;14 314 010;https://www.google.at/maps/place/48.257090,14.314010
Spielanlage;Kinderspielplatz Adolf-Dietel-Weg;Adolf-Dietel-Weg;12;Neue Heimat;Neue Heimat;Kinderspielplatz (0 - 6 Jahre);https://www.linz.at/soziales/5842.php;POINT (14.28579 48.244966);Adolf-Dietel-Weg 1;4030;Linz;48 244 966;14 285 790;https://www.google.at/maps/place/48.244966,14.285790
Spielanlage;Kinderspielplatz Haidgattern;Haidgatternpark;12;Neue Heimat;Neue Heimat;Kinderspielplatz (0 - 6 Jahre);https://www.linz.at/soziales/5839.php;POINT (14.286872 48.251756);;;;48 251 595;14 286 959;https://www.google.at/maps/place/48.251595,14.286959
Spielanlage;Kinder- und Jugendspielplatz Hainbuchenweg;Hainbuchenweg;12;Neue Heimat;Neue Heimat;Kinder- und Jugendspielplatz (6 - 18 Jahre);https://www.linz.at/soziales/5833.php;POINT (14.28341 48.246569);;;;48 246 198;14 282 710;https://www.google.at/maps/place/48.246198,14.282710
Spielanlage;Kinder- und Jugendspielplatz - Kinderbad Auerpaint ;Kinderbad Auerpeint;12;Neue Heimat;Neue Heimat;Kinder- und Jugendspielplatz (6 - 18 Jahre);https://www.linz.at/soziales/5836.php;POINT (14.285122 48.251771);;;;48 251 771;14 285 122;https://www.google.at/maps/place/48.251771,14.285122
Spielanlage;Kinder- und Jugendspielplatz Laskahof;Laskahof;12;Neue Heimat;Neue Heimat;Kinder- und Jugendspielplatz (6 - 18 Jahre);https://www.linz.at/soziales/5830.php;POINT (14.286384 48.254458);;;;48 253 990;14 285 878;https://www.google.at/maps/place/48.253990,14.285878
Spielanlage;Kinder- und Jugendspielplatz WAG-Park;WAG-Park;10;Bindermichl-Keferfeld;Neue Heimat;Kinder- und Jugendspielplatz (6 - 18 Jahre);https://www.linz.at/soziales/5827.php;POINT (14.288028 48.263258);Klimtweg 11;4020;Linz;48 263 254;14 288 627;https://www.google.at/maps/place/48.263254,14.288627
Spielanlage;Kinder- und Jugendspielplatz Erlebnisspielplatz solarCity;Erlebnisspielplatz Solar-City-Pichling;16;Pichling;Ebelsberg/Pichling ;Kinder- und Jugendspielplatz (6 - 18 Jahre);https://www.linz.at/soziales/5761.php;POINT (14.361694 48.260333);;;;48 260 766;14 362 010;https://www.google.at/maps/place/48.260766,14.362010
Spielanlage;Jugendspielanlage Ennsfeld;Schiltenbergstraße;15;Ebelsberg;Ebelsberg/Pichling ;Jugendspielplatz (12 - 18 Jahre);https://www.linz.at/soziales/5755.php;POINT (14.34223 48.244162);;;;48 244 162;14 342 230;https://www.google.at/maps/place/48.244162,14.342230
Spielanlage;Kinder- und Jugendspielplatz Knollgutstraße;Knollgutstraße;16;Pichling;Ebelsberg/Pichling ;Kinder- und Jugendspielplatz (6 - 18 Jahre);https://www.linz.at/soziales/5764.php;POINT (14.367809 48.252048);;;;48 252 048;14 367 809;https://www.google.at/maps/place/48.252048,14.367809
Spielanlage;Kinder- und Jugendspielplatz Ufer/Spielwiese;Traundorfer Straße;15;Ebelsberg;Ebelsberg/Pichling ;Kinder- und Jugendspielplatz (6 - 18 Jahre);https://www.linz.at/soziales/5628.php;POINT (14.347849 48.250516);;;;48 250 516;14 347 849;https://www.google.at/maps/place/48.250516,14.347849
Spielanlage;Jugendspielplatz Waldspielplatz Schiltenberg;Schiltenberg;15;Ebelsberg;Ebelsberg/Pichling ;Jugendspielplatz (12 - 18 Jahre);https://www.linz.at/soziales/5752.php;POINT (14.341598 48.242126);;;;48 242 236;14 341 891;https://www.google.at/maps/place/48.242236,14.341891
Spielanlage;Kinder- und Jugendspielplatz Pichling neben Feuerwehr;Pichling neben Feuerwehr;16;Pichling;Ebelsberg/Pichling ;Kinder- und Jugendspielplatz (6 - 18 Jahre);https://www.linz.at/soziales/5628.php;;;;;48 244 995;14 370 932;https://www.google.at/maps/place/48.244995,14.370932
Spielanlage;Kinderspielplatz Aboretum-Maximilianweg;Aboretum-Maximilianweg;9;Froschberg;Freinberg, Bauernberg und Froschberg;Kinderspielplatz (0 - 6 Jahre);https://www.linz.at/soziales/5878.php;POINT (14.267468 48.295532);;;;48 295 532;14 267 468;https://www.google.at/maps/place/48.295532,14.267468